{
    "name": "WingXX",
    "vendorId": "0xFEED",
    "productId": "0x2166",
    "lighting": "none",
    "matrix": { "rows": 5, "cols": 14 },
    "layouts": {
      "keymap": [
        [
          {
            "x": 3.5,
            "c": "#003649",
            "t": "#7c947d"
          },
          "0,3",
          {
            "x": 7.75
          },
          "0,10"
        ],
        [
          {
            "y": -0.875,
            "x": 2.5
          },
          "0,2",
          {
            "x": 1
          },
          "0,4"
        ],
        [
          {
            "y": -0.995,
            "x": 11.25
          },
          "0,9",
          {
            "x": 1
          },
          "0,11"
        ],
        [
          {
            "y": -0.8799999999999999,
            "x": 5.5
          },
          "0,5",
          {
            "x": 3.75
          },
          "0,8"
        ],
        [
          {
            "y": -0.875,
            "x": 0.25,
            "c": "#ff6800",
            "t": "#00466d",
            "w": 1.25
          },
          "0,0",
          {
            "c": "#003649",
            "t": "#7c947d"
          },
          "0,1"
        ],
        [
          {
            "y": -0.995,
            "x": 14.25
          },
          "0,12",
          {
            "c": "#ff6800",
            "t": "#00466d",
            "w": 1.25
          },
          "0,13"
        ],
        [
          {
            "y": -0.6299999999999999,
            "x": 6.5,
            "c": "#e86700"
          },
          "0,6",
          {
            "x": 1.75
          },
          "0,7"
        ],
        [
          {
            "y": -0.95,
            "x": 17.5,
            "c": "#003649",
            "t": "#7c947d",
            "a": 7
          },
          "",
          "",
          "",
          ""
        ],
        [
          {
            "y": -0.8,
            "x": 3.5,
            "a": 4
          },
          "1,3",
          {
            "x": 7.75
          },
          "1,10"
        ],
        [
          {
            "y": -0.875,
            "x": 2.5
          },
          "1,2",
          {
            "x": 1
          },
          "1,4"
        ],
        [
          {
            "y": -0.9950000000000001,
            "x": 11.25
          },
          "1,9",
          {
            "x": 1
          },
          "1,11"
        ],
        [
          {
            "y": -0.8799999999999999,
            "x": 5.5
          },
          "1,5",
          {
            "x": 3.75
          },
          "1,8"
        ],
        [
          {
            "y": -0.875,
            "x": 0.25,
            "c": "#ff6800",
            "t": "#00466d",
            "w": 1.25
          },
          "1,0",
          {
            "c": "#003649",
            "t": "#7c947d"
          },
          "1,1"
        ],
        [
          {
            "y": -0.9950000000000001,
            "x": 14.25
          },
          "1,12",
          {
            "c": "#ff6800",
            "t": "#00466d",
            "w": 1.25
          },
          "1,13"
        ],
        [
          {
            "y": -0.6299999999999999,
            "x": 6.5,
            "c": "#003649",
            "t": "#7c947d",
            "h": 1.5
          },
          "1,6",
          {
            "x": 1.75,
            "h": 1.5
          },
          "1,7"
        ],
        [
          {
            "y": -0.95,
            "x": 17.5,
            "a": 7
          },
          "",
          "",
          "",
          ""
        ],
        [
          {
            "y": -0.7999999999999998,
            "x": 3.5,
            "a": 4
          },
          "2,3",
          {
            "x": 7.75
          },
          "2,10"
        ],
        [
          {
            "y": -0.875,
            "x": 2.5
          },
          "2,2",
          {
            "x": 1,
            "n": true
          },
          "2,4"
        ],
        [
          {
            "y": -0.9950000000000001,
            "x": 11.25,
            "n": true
          },
          "2,9",
          {
            "x": 1
          },
          "2,11"
        ],
        [
          {
            "y": -0.8799999999999999,
            "x": 5.5
          },
          "2,5",
          {
            "x": 3.75
          },
          "2,8"
        ],
        [
          {
            "y": -0.875,
            "x": 0.25,
            "c": "#ff6800",
            "t": "#00466d",
            "w": 1.25
          },
          "2,0",
          {
            "c": "#003649",
            "t": "#7c947d"
          },
          "2,1"
        ],
        [
          {
            "y": -0.9950000000000001,
            "x": 14.25
          },
          "2,12",
          {
            "c": "#ff6800",
            "t": "#00466d",
            "w": 1.25
          },
          "2,13"
        ],
        [
          {
            "y": -0.5800000000000001,
            "x": 17.5,
            "c": "#003649",
            "t": "#7c947d",
            "a": 7
          },
          "",
          "",
          "",
          ""
        ],
        [
          {
            "y": -0.7999999999999998,
            "x": 3.5,
            "a": 4
          },
          "3,3",
          {
            "x": 7.75
          },
          "3,10"
        ],
        [
          {
            "y": -0.875,
            "x": 2.5
          },
          "3,2",
          {
            "x": 1
          },
          "3,4"
        ],
        [
          {
            "y": -0.9950000000000001,
            "x": 11.25
          },
          "3,9",
          {
            "x": 1
          },
          "3,11"
        ],
        [
          {
            "y": -0.8799999999999999,
            "x": 5.5
          },
          "3,5",
          {
            "x": 3.75
          },
          "3,8"
        ],
        [
          {
            "y": -0.875,
            "x": 0.25,
            "c": "#ff6800",
            "t": "#00466d",
            "w": 1.25
          },
          "3,0",
          {
            "c": "#003649",
            "t": "#7c947d"
          },
          "3,1"
        ],
        [
          {
            "y": -0.9950000000000001,
            "x": 14.25
          },
          "3,12",
          {
            "c": "#ff6800",
            "t": "#00466d",
            "w": 1.25
          },
          "3,13"
        ],
        [
          {
            "y": -0.5800000000000001,
            "x": 17.5,
            "c": "#003649",
            "t": "#7c947d",
            "a": 7
          },
          "",
          {
            "c": "#ff6800",
            "t": "#004c7f"
          },
          "",
          "",
          {
            "c": "#003649",
            "t": "#7c947d"
          },
          ""
        ],
        [
          {
            "y": -0.7999999999999998,
            "x": 3.5,
            "a": 4
          },
          "4,3",
          {
            "x": 7.75
          },
          "4,10"
        ],
        [
          {
            "y": -0.875,
            "x": 2.5
          },
          "4,2"
        ],
        [
          {
            "y": -0.9950000000000001,
            "x": 13.25
          },
          "4,11"
        ],
        [
          {
            "r": 15,
            "y": -2.38,
            "x": 5.75,
            "w": 1.25
          },
          "4,4"
        ],
        [
          {
            "r": 30,
            "rx": 6.5,
            "ry": 4.25,
            "y": -1
          },
          "2,6"
        ],
        [
          {
            "h": 1.5
          },
          "4,5"
        ],
        [
          {
            "r": -30,
            "rx": 13,
            "y": -2.4,
            "x": -3.4000000000000004
          },
          "2,7"
        ],
        [
          {
            "x": -3.4000000000000004,
            "h": 1.5
          },
          "4,8"
        ],
        [
          {
            "r": -15,
            "rx": 0,
            "ry": 0,